Member,True Wins,Wins,Delta,Overall Wins
joooon,0.285714286,1, +0.7143,2
rahoolramesh,3.285714286,2,-1.2857,23
umangchavan,2.857142857,3, +0.1429,20
arpanchavan00,3.285714286,4, +0.7143,23
nchadz,3.714285714,4, +0.2857,26
rohandang856,4.142857143,4,-0.1429,29
rowthehill,4.428571429,5, +0.5714,31
TATEZ,6,5,-1.0000,42