POWER RANK,Member,POWER RANK VALUE,PPG,PPG Rank,Wins,Win Rank,Overall Wins,Overall Win Rank,Recent Wins,Recent Wins Rank,True Wins,Consistency Rating,Consistency Rank,ROS Roster Rank
7,rahoolramesh,3.72,366.63142857142856,6,2,7,23,5,1,7,3.285714285714286,0.10644209972186659,4,6
1,TATEZ,0.7,408.01714285714286,1,5,1,42,1,4,1,6.0,0.10103725787042708,3,1
5,arpanchavan00,2.67,367.0314285714286,5,4,3,23,5,3,2,3.285714285714286,0.1506688311314099,8,4
3,rohandang856,1.9,383.8228550502232,2,4,3,29,3,3,2,4.142857142857142,0.12567376932695015,7,3
2,rowthehill,1.51,381.02,3,5,1,31,2,3,2,4.428571428571429,0.07870830439553173,2,7
6,umangchavan,3.64,358.52,7,3,6,20,7,3,2,2.857142857142857,0.11083346973508265,5,2
8,joooon,4.88,301.3857142857143,8,1,8,2,8,1,7,0.2857142857142857,0.12296704988975539,6,8
4,nchadz,2.21,370.1714285714286,4,4,3,26,4,2,6,3.7142857142857144,0.06468280219885962,1,5
